Questions,Answers,Patterns,Tags
What is climate change?,"Climate change refers to long-term alterations in temperature, precipitation, and other atmospheric conditions on Earth.",Can you define climate change?,Climate Science
What causes climate change?,Climate change is primarily caused by greenhouse gas emissions from human activities such as burning fossil fuels and deforestation.,What are the main causes of climate change?,Climate Causes
What are greenhouse gases?,"Greenhouse gases are gases that trap heat in the atmosphere, including carbon dioxide, methane, and water vapor.",Can you explain what greenhouse gases are?,Greenhouse Gases
How does carbon dioxide contribute to global warming?,"Carbon dioxide traps heat in the Earth's atmosphere, leading to increased global temperatures.",What is the role of CO2 in climate change?,CO2 Impact
What are the effects of climate change?,"Effects of climate change include rising temperatures, melting glaciers, extreme weather events, and loss of biodiversity.",What are the consequences of climate change?,Climate Effects
What is global warming?,Global warming refers to the rise in Earth's average temperature due to human-induced greenhouse gas emissions.,What does global warming mean?,Global Warming
What are some extreme weather events caused by climate change?,"Climate change contributes to more frequent hurricanes, heatwaves, droughts, and floods.",What extreme weather events are linked to climate change?,Extreme Weather
How does deforestation contribute to climate change?,"Deforestation reduces carbon absorption, increasing CO2 levels in the atmosphere and accelerating global warming.",What is the impact of deforestation on climate change?,Deforestation
What is the greenhouse effect?,"The greenhouse effect is the process by which greenhouse gases trap heat in the Earth's atmosphere, keeping the planet warm.",Can you describe the greenhouse effect?,Greenhouse Effect
How does methane affect climate change?,"Methane is a potent greenhouse gas that traps heat more effectively than CO2, contributing significantly to global warming.",What is methane's role in global warming?,Methane Emissions
What are the main sources of methane emissions?,"Major sources of methane emissions include livestock farming, landfills, and natural gas production.",Where does methane pollution come from?,Methane Sources
How does ocean acidification relate to climate change?,"Increased CO2 absorption by oceans leads to acidification, harming marine life and coral reefs.",What is the connection between ocean acidification and climate change?,Ocean Acidification
What is sea level rise?,Sea level rise refers to the increasing level of the world’s oceans due to melting ice caps and thermal expansion.,Why are sea levels rising?,Sea Level Rise
How does climate change affect biodiversity?,"Climate change disrupts ecosystems, leading to species extinction, habitat loss, and altered migration patterns.",What impact does climate change have on wildlife?,Biodiversity Loss
What is carbon neutrality?,Carbon neutrality means achieving a balance between emitting carbon and absorbing carbon from the atmosphere.,What does it mean to be carbon neutral?,Carbon Neutrality
What is the Paris Agreement?,The Paris Agreement is an international treaty aimed at limiting global temperature rise to well below 2°C.,Can you explain the Paris Agreement?,Climate Policy
How can renewable energy help fight climate change?,Renewable energy sources like solar and wind reduce reliance on fossil fuels and lower greenhouse gas emissions.,Why is renewable energy important for climate action?,Renewable Energy
What is carbon capture and storage (CCS)?,CCS is a technology that captures CO2 emissions from sources like power plants and stores them underground to prevent atmospheric release.,How does carbon capture work?,Carbon Capture
What is the role of forests in mitigating climate change?,"Forests absorb CO2, helping reduce greenhouse gas levels and mitigate global warming.",How do forests help combat climate change?,Forests & Climate
What is the impact of climate change on agriculture?,"Climate change affects crop yields, alters growing seasons, and increases the frequency of droughts and extreme weather.",How does climate change influence farming?,Agriculture & Climate
What is an ecological footprint?,An ecological footprint measures human demand on Earth's ecosystems and natural resources.,Can you define ecological footprint?,Sustainability
How does climate change affect human health?,"Climate change increases health risks such as heat-related illnesses, respiratory diseases, and the spread of infectious diseases.",What are the health effects of climate change?,Health & Climate
What is sustainable development?,Sustainable development meets present needs without compromising the ability of future generations to meet theirs.,Can you explain sustainable development?,Sustainable Future
What are some solutions to climate change?,"Solutions include reducing fossil fuel use, increasing energy efficiency, reforestation, and promoting sustainable practices.",How can we combat climate change?,Climate Solutions
How does climate change impact food security?,"Climate change reduces crop yields and disrupts food supply chains, leading to food shortages.",What is the effect of climate change on food production?,Food Security
How does air pollution relate to climate change?,Air pollution contributes to climate change by increasing greenhouse gas levels and causing respiratory issues.,What is the link between air pollution and climate change?,Air Pollution
What are climate models?,Climate models are simulations used to predict future climate patterns based on scientific data.,How do scientists predict climate change?,Climate Models
What is the role of oceans in climate regulation?,"Oceans absorb heat and CO2, helping regulate Earth's climate and weather patterns.",How do oceans influence climate?,Ocean & Climate
How do wildfires contribute to climate change?,"Wildfires release carbon dioxide and other pollutants, worsening global warming.",What is the effect of wildfires on climate?,Wildfires & Climate
How does climate change impact fisheries?,Rising ocean temperatures and acidification disrupt marine ecosystems and reduce fish populations.,What are the effects of climate change on fishing industries?,Fisheries
How does transportation contribute to climate change?,"Transportation is a major source of CO2 emissions, primarily from fossil fuel-powered vehicles.",What is the role of transportation in climate change?,Transportation
What is the role of businesses in climate action?,Businesses can reduce emissions by adopting sustainable practices and investing in clean energy.,How can businesses help fight climate change?,Corporate Sustainability
What is the impact of permafrost thawing?,"Thawing permafrost releases methane, a potent greenhouse gas that accelerates global warming.",Why is permafrost thawing concerning?,Permafrost
How does urbanization affect climate change?,"Urbanization increases energy consumption, heat island effects, and emissions from transportation and industry.",What is the link between urbanization and climate change?,Urbanization & Climate
What is the effect of plastic pollution on climate change?,"Plastic production and decomposition release greenhouse gases, contributing to global warming.",How does plastic pollution influence climate change?,Plastic Pollution
What is carbon pricing?,"Carbon pricing is an economic tool that charges emitters for the amount of CO2 they release, encouraging reduced emissions.",What does carbon pricing mean?,Carbon Pricing
What is climate justice?,"Climate justice addresses the ethical dimensions of climate change, emphasizing that those least responsible for emissions are often most affected.",Can you explain climate justice?,Climate Justice
How do climate policies impact economic growth?,"Climate policies can drive innovation and create green jobs, though they may also require adjustments in traditional industries.",What is the economic impact of climate policies?,Economic Impact
What is geoengineering?,"Geoengineering involves large-scale interventions in the Earth’s climate system to counteract climate change, though it remains controversial.",Can you describe geoengineering?,Geoengineering
How does climate change affect polar regions?,"Polar regions are experiencing rapid warming, leading to melting ice, loss of habitat, and changes in ocean currents.",What are the effects of climate change on the poles?,Polar Impact
What role does water conservation play in climate adaptation?,Water conservation helps manage the scarcity of freshwater resources and supports adaptation efforts in drought-prone areas.,How does water conservation help with climate adaptation?,Water Conservation
How do international collaborations address climate change?,"International collaborations facilitate the sharing of technology, resources, and policies to collectively reduce emissions.",What is the role of global partnerships in combating climate change?,International Cooperation
What is the effect of climate change on marine biodiversity?,"Climate change leads to ocean warming and acidification, which can disrupt marine ecosystems and endanger species.",How does climate change impact marine life?,Marine Biodiversity
How can individual actions contribute to mitigating climate change?,"Individuals can reduce their carbon footprint by conserving energy, using sustainable transportation, and supporting eco-friendly policies.",What can individuals do to help combat climate change?,Individual Actions
What is the significance of renewable energy adoption globally?,"Adoption of renewable energy reduces reliance on fossil fuels, decreases greenhouse gas emissions, and promotes sustainable development.",How does renewable energy adoption benefit the environment?,Global Renewable
How does climate change influence weather patterns?,"Climate change can lead to unpredictable weather patterns, including more severe storms, altered precipitation, and increased frequency of extreme events.",What are the effects of climate change on weather?,Weather Patterns